ProcessName,RegionName,Unit,2020,2025,2030,2035,2040,2045
Gas Power Plant (SCGT),Mauritania,PJ/y,3.7152,3.6408959999999997,3.56807808,3.4967165184,3.426782188032,3.35824654427136
Medium Hydropower Plant (10-100MW),Mauritania,PJ/y,3.00312,2.9430576,2.884196448,2.82651251904,2.7699822686592,2.7145826232860157
Oil Fired Gas Turbine (SCGT),Mauritania,PJ/y,4.11768,4.0353264,3.954619872,3.8755274745599997,3.7980169250688,3.7220565865674238
Onshore Wind,Mauritania,PJ/y,0.9288,0.9102239999999999,0.89201952,0.8741791296,0.856695547008,0.83956163606784
Solar PV (Distributed with Storage),Mauritania,PJ/y,0.6523272,0.639280656,0.6264950428799999,0.6139651420223999,0.601685839181952,0.5896521223983129
Solar PV (Utility),Mauritania,PJ/y,1.02168,1.0012463999999999,0.9812214719999999,0.9615970425599999,0.9423651017087998,0.9235177996746238
