asset,year,region,installed,technology,capacity
0,2025,Kenya,2020,gasboiler,8.00000000000
0,2030,Kenya,2020,gasboiler,6.40000000000
0,2035,Kenya,2020,gasboiler,5.12000000000
0,2040,Kenya,2020,gasboiler,4.09200000000
0,2045,Kenya,2020,gasboiler,3.27000000000
0,2050,Kenya,2020,gasboiler,2.62000000000
