asset,year,region,technology,installed,capacity
0,2025,Kenya,gasboiler,2020,5.00000000000
1,2030,Kenya,gasboiler,2025,11.00000000000
1,2034,Kenya,gasboiler,2025,5.00000000000
1,2035,Kenya,gasboiler,2025,5.00000000000
1,2039,Kenya,gasboiler,2025,11.00000000000
2,2025,Kenya,heatpump,2020,19.00000000000
2,2030,Kenya,heatpump,2020,19.00000000000
2,2034,Kenya,heatpump,2020,19.00000000000
