ProcessName,RegionName,Unit,2020,2025,2030,2035,2040,2045
Biomass Power Plant,Senegal,PJ/y,0.7884,0.772632,0.75717936,0.7420357728,0.727195057344,0.71265115619712
Large Hydropower Plant (Dam) (>100MW),Senegal,PJ/y,3.7843199999999997,3.7086335999999998,3.6344609279999998,3.56177170944,3.4905362752511997,3.4207255497461757
Light Fuel Oil Power Plant,Senegal,PJ/y,26.633413439999998,26.100745171199996,25.578730267775995,25.067155662420475,24.565812549172065,24.074496298188624
Oil Fired Gas Turbine (SCGT),Senegal,PJ/y,0.346896,0.33995808,0.3331589184,0.326495740032,0.31996582523135997,0.31356650872673275
Solar PV (Distributed with Storage),Senegal,PJ/y,0.378432,0.37086336,0.36344609279999995,0.3561771709439999,0.3490536275251199,0.3420725549746175
Solar PV (Utility),Senegal,PJ/y,0.346896,0.33995808,0.3331589184,0.326495740032,0.31996582523135997,0.31356650872673275
