ProcessName,RegionName,Unit,2020,2025,2030,2035,2040,2045
Gas Power Plant (CCGT),Cameroon,PJ/y,13.9323096,13.653663408,13.380590139839999,13.112978337043199,12.850718770302334,12.593704394896287
Gas Power Plant (SCGT),Cameroon,PJ/y,6.191999999999999,6.068159999999999,5.946796799999999,5.827860863999999,5.7113036467199985,5.597077573785598
Large Hydropower Plant (Dam) (>100MW),Cameroon,PJ/y,17.028,16.68744,16.3536912,16.026617376,15.70608502848,15.3919633279104
Light Fuel Oil Power Plant,Cameroon,PJ/y,4.8486456,4.751672688,4.65663923424,4.5635064495552,4.472236320564096,4.382791594152814
Medium Hydropower Plant (10-100MW),Cameroon,PJ/y,5.287967999999999,5.182208639999999,5.078564467199999,4.976993177855999,4.8774533142988785,4.779904248012901
Oil Fired Gas Turbine (SCGT),Cameroon,PJ/y,0.34056,0.33374879999999996,0.32707382399999996,0.3205323475199999,0.3141217005695999,0.3078392665582079
Solar PV (Distributed with Storage),Cameroon,PJ/y,0.4393224,0.430535952,0.42192523296,0.4134867283008,0.40521699373478404,0.39711265386008837
