ProcessName,RegionName,Unit,2020,2025,2030,2035,2040,2045
Gas Power Plant (CCGT),Cameroon,PJ/y,14.19151536,13.9076850528,13.629531351744,13.35694072470912,13.089801910214936,12.828005872010637
Gas Power Plant (SCGT),Cameroon,PJ/y,6.3072,6.181056,6.05743488,5.9362861824,5.817560458752,5.70120924957696
Large Hydropower Plant (Dam) (>100MW),Cameroon,PJ/y,17.3448,16.997904,16.65794592,16.3247870016,15.998291261568001,15.67832543633664
Light Fuel Oil Power Plant,Cameroon,PJ/y,4.93885296,4.8400759008000005,4.7432743827840005,4.648408895128321,4.555440717225754,4.464331902881239
Medium Hydropower Plant (10-100MW),Cameroon,PJ/y,5.3863488,5.278621824,5.17304938752,5.0695883997696,4.968196631774208,4.868832699138724
Oil Fired Gas Turbine (SCGT),Cameroon,PJ/y,0.346896,0.33995808,0.3331589184,0.326495740032,0.31996582523135997,0.31356650872673275
Solar PV (Distributed with Storage),Cameroon,PJ/y,0.44749584,0.43854592319999997,0.42977500473599994,0.42117950464127996,0.41275591454845434,0.40450079625748525
