ProcessName,RegionName,Unit,2020,2025,2030,2035,2040,2045
Biomass Power Plant,Uganda,PJ/y,1.8921599999999998,1.8543167999999999,1.8172304639999999,1.78088585472,1.7452681376255998,1.7103627748730879
Large Hydropower Plant (Dam) (>100MW),Uganda,PJ/y,20.02536,19.6248528,19.232355744,18.84770862912,18.4707544565376,18.101339367406847
Medium Hydropower Plant (10-100MW),Uganda,PJ/y,2.2548239999999997,2.2097275199999995,2.1655329695999996,2.1222223102079996,2.0797778640038396,2.0381823067237628
Oil Fired Gas Turbine (SCGT),Uganda,PJ/y,4.288895999999999,4.203118079999999,4.119055718399999,4.036674604031999,3.955941111951359,3.8768222897123317
Solar PV (Distributed with Storage),Uganda,PJ/y,0.883008,0.86534784,0.8480408831999999,0.8310800655359999,0.8144584642252799,0.7981692949407743
Solar PV (Utility),Uganda,PJ/y,0.63072,0.6181055999999999,0.6057434879999999,0.5936286182399999,0.5817560458751999,0.570120924957696
