ProcessName,RegionName,Unit,2020,2025,2030,2035,2040,2045
Gas Power Plant (CCGT),Togo,PJ/y,0.86688,0.8495423999999999,0.8325515519999999,0.8159005209599999,0.7995825105407999,0.7835908603299838
Medium Hydropower Plant (10-100MW),Togo,PJ/y,2.04336,2.0024927999999997,1.9624429439999997,1.9231940851199998,1.8847302034175997,1.8470355993492475
Oil Fired Gas Turbine (SCGT),Togo,PJ/y,3.12696,3.0644207999999997,3.0031323839999997,2.9430697363199996,2.8842083415935997,2.826524174761728
Solar PV (Distributed with Storage),Togo,PJ/y,0.09287999999999999,0.09102239999999999,0.08920195199999999,0.08741791295999998,0.08566955470079998,0.08395616360678398
