ProcessName,RegionName,Unit,2020,2025,2030,2035,2040,2045
Gas Power Plant (SCGT),Angola,PJ/y,12.9914352,12.731606496,12.476974366079999,12.227434878758398,11.98288618118323,11.743228457559566
Large Hydropower Plant (Dam) (>100MW),Angola,PJ/y,26.297424,25.77147552,25.2560460096,24.750925089408,24.25590658761984,23.770788455867443
Light Fuel Oil Power Plant,Angola,PJ/y,10.148688,9.94571424,9.746799955199998,9.551863956095998,9.360826676974078,9.173610143434596
Medium Hydropower Plant (10-100MW),Angola,PJ/y,2.19816,2.1541968000000002,2.1111128640000003,2.06889060672,2.0275127945856,1.986962538693888
Oil Fired Gas Turbine (SCGT),Angola,PJ/y,0.7120799999999999,0.6978384,0.683881632,0.67020399936,0.6567999193727999,0.6436639209853439
Solar PV (Distributed with Storage),Angola,PJ/y,0.41424479999999997,0.405959904,0.39784070592,0.3898838918016,0.38208621396556797,0.3744444896862566
Solar PV (Utility),Angola,PJ/y,0.43344,0.42477119999999996,0.41627577599999993,0.40795026047999994,0.39979125527039994,0.3917954301649919
