ProcessName,RegionName,Unit,2020,2025,2030,2035,2040,2045
Biomass Power Plant,Zambia,PJ/y,1.2309695999999999,1.206350208,1.18222320384,1.1585787397632,1.1354071649679358,1.112699021668577
Coal Power Plant,Zambia,PJ/y,9.288,9.10224,8.9201952,8.741791296,8.56695547008,8.3956163606784
Large Hydropower Plant (Dam) (>100MW),Zambia,PJ/y,71.45568,70.0265664,68.626035072,67.25351437056,65.9084440831488,64.59027520148582
Light Fuel Oil Power Plant,Zambia,PJ/y,5.263199999999999,5.157935999999999,5.05477728,4.9536817344,4.854608099712,4.75751593771776
Medium Hydropower Plant (10-100MW),Zambia,PJ/y,0.37151999999999996,0.36408959999999996,0.35680780799999995,0.34967165183999993,0.34267821880319993,0.33582465442713594
Solar PV (Distributed with Storage),Zambia,PJ/y,0.0068112,0.006674976,0.00654147648,0.0064106469504,0.006282434011392,0.00615678533116416
