ProcessName,RegionName,Unit,2020,2025,2030,2035,2040,2045
Coal Power Plant,Namibia,PJ/y,3.7843199999999997,3.7086335999999998,3.6344609279999998,3.56177170944,3.4905362752511997,3.4207255497461757
Large Hydropower Plant (Dam) (>100MW),Namibia,PJ/y,7.568639999999999,7.4172671999999995,7.2689218559999995,7.12354341888,6.981072550502399,6.841451099492351
Light Fuel Oil Power Plant,Namibia,PJ/y,1.8921599999999998,1.8543167999999999,1.8172304639999999,1.78088585472,1.7452681376255998,1.7103627748730879
Medium Hydropower Plant (10-100MW),Namibia,PJ/y,2.901312,2.8432857599999997,2.7864200448,2.7306916439039997,2.6760778110259196,2.622556254805401
Solar PV (Distributed with Storage),Namibia,PJ/y,0.69158448,0.6777527903999999,0.6641977345919999,0.65091377990016,0.6378955043021568,0.6251375942161137
Solar PV (Utility),Namibia,PJ/y,0.8640863999999998,0.8468046719999998,0.8298685785599997,0.8132712069887997,0.7970057828490237,0.7810656671920432
