ProcessName,RegionName,Unit,2020,2025,2030,2035,2040,2045
Biomass Power Plant,Sudan,PJ/y,6.023376,5.90290848,5.7848503103999995,5.669153304191999,5.555770238108159,5.444654833345996
Gas Power Plant (CCGT),Sudan,PJ/y,10.059984,9.85878432,9.6616086336,9.468376460928,9.279008931709441,9.093428753075253
Large Hydropower Plant (Dam) (>100MW),Sudan,PJ/y,69.25274063999998,67.86768582719998,66.51033211065598,65.18012546844285,63.876522959073995,62.59899249989251
Medium Hydropower Plant (10-100MW),Sudan,PJ/y,1.766016,1.73069568,1.6960817663999999,1.6621601310719998,1.6289169284505598,1.5963385898815485
Oil Fired Gas Turbine (SCGT),Sudan,PJ/y,29.21022,28.6260156,28.053495287999997,27.492425382239997,26.942576874595197,26.403725337103293
Solar PV (Distributed with Storage),Sudan,PJ/y,0.39672288,0.3887884224,0.381012653952,0.37339240087296,0.3659245528555008,0.3586060617983908
