asset,year,region,installed,technology,capacity
61,2085,Kenya,2035,Medium Hydropower Plant (10-100MW),182.11110000000
61,2089,Kenya,2035,Medium Hydropower Plant (10-100MW),182.11110000000
62,2085,Kenya,2035,Nuclear Power Plant,0.99360000000
62,2089,Kenya,2035,Nuclear Power Plant,0.99360000000
108,2085,Kenya,2050,Coal Power Plant,173.50090000000
108,2089,Kenya,2050,Coal Power Plant,173.50090000000
