ProcessName,RegionName,Unit,2020,2025,2030,2035,2040,2045
Large Hydropower Plant (Dam) (>100MW),Mozambique,PJ/y,69.41232,68.0240736,66.66359212799999,65.33032028544,64.02371387973119,62.74323960213656
Medium Hydropower Plant (10-100MW),Mozambique,PJ/y,1.36224,1.3349951999999998,1.3082952959999998,1.2821293900799997,1.2564868022783997,1.2313570662328317
Solar PV (Distributed with Storage),Mozambique,PJ/y,0.4644,0.45511199999999996,0.44600976,0.4370895648,0.428347773504,0.41978081803392
