ProcessName,RegionName,Unit,2020,2025,2030,2035,2040,2045
CSP without Storage,Algeria,PJ/y,0.7884,0.772632,0.75717936,0.7420357728,0.727195057344,0.71265115619712
Gas Power Plant (CCGT),Algeria,PJ/y,1127.033568,1104.49289664,1082.4030387072,1060.7549779330561,1039.539878374395,1018.7490808069069
Gas Power Plant (SCGT),Algeria,PJ/y,4.509647999999999,4.419455039999999,4.331065939199999,4.244444620415999,4.159555728007679,4.0763646134475255
Large Hydropower Plant (Dam) (>100MW),Algeria,PJ/y,7.9155359999999995,7.757225279999999,7.602080774399999,7.450039158911999,7.301038375733759,7.155017608219084
Medium Hydropower Plant (10-100MW),Algeria,PJ/y,0.756864,0.74172672,0.7268921855999999,0.7123543418879998,0.6981072550502398,0.684145109949235
Solar PV (Distributed with Storage),Algeria,PJ/y,13.339728,13.072933439999998,12.811474771199999,12.555245275775999,12.304140370260479,12.058057562855268
Solar PV (Utility),Algeria,PJ/y,1.702944,1.6688851199999999,1.6355074176,1.602797269248,1.5707413238630399,1.539326497385779
