ProcessName,RegionName,Unit,2020,2025,2030,2035,2040,2045
Gas Power Plant (SCGT),Equatorial Guinea,PJ/y,5.818391999999999,5.70202416,5.5879836767999995,5.476224003263999,5.366699523198719,5.259365532734744
Large Hydropower Plant (Dam) (>100MW),Equatorial Guinea,PJ/y,4.7303999999999995,4.6357919999999995,4.543076159999999,4.452214636799999,4.363170344063999,4.275906937182719
