ProcessName,Winter Night,Winter Day,Spring Night,Spring Day,Summer Night,Summer Day,Autumn Night,Autumn Day
Solar PV (Utility),0,0.33512037,0,0.302018116,0,0.309208333,0,0.318684066
Solar PV (Distributed with Storage),0.055853395,0.33512037,0.05033635267,0.302018116,0.05153472217,0.309208333,0.053114011,0.318684066
Wind,0.191144444,0.214233025,0.191144444,0.19665006,0.219770833,0.19665006,0.218094807,0.149673309
Offshore Wind,0.286,0.441,0.326,0.414,0.667,0.719,0.335,0.44
CSP without Storage,0,0.452,0,0.452,0,0.452,0,0.452
Large Hydropower Plant (Dam) (>100MW),0.396238763,0.396238763,0.672067048,0.672067048,0.290540363,0.290540363,0.558448359,0.558448359
Medium Hydropower Plant (10-100MW),0.396238763,0.396238763,0.672067048,0.672067048,0.290540363,0.290540363,0.558448359,0.558448359
Small Hydropower Plant (<10MW),0.396238763,0.396238763,0.672067048,0.672067048,0.290540363,0.290540363,0.558448359,0.558448359