ProcessName,RegionName,Unit,2020,2025,2030,2035,2040,2045
Large Hydropower Plant (Dam) (>100MW),Mali,PJ/y,6.3072,6.181056,6.05743488,5.9362861824,5.817560458752,5.70120924957696
Medium Hydropower Plant (10-100MW),Mali,PJ/y,3.342816,3.27595968,3.2104404864,3.146231676672,3.08330704313856,3.0216409022757884
Small Hydropower Plant (<10MW),Mali,PJ/y,0.15768,0.15452639999999998,0.15143587199999997,0.14840715455999998,0.14543901146879998,0.142530231239424
Solar PV (Distributed with Storage),Mali,PJ/y,0.61747488,0.6051253823999999,0.5930228747519999,0.5811624172569598,0.5695391689118207,0.5581483855335843
