ProcessName,RegionName,Unit,2020,2025,2030,2035,2040,2045
Coal Power Plant,Botswana,PJ/y,23.525855999999997,23.055338879999997,22.594232102399996,22.142347460351996,21.699500511144954,21.265510500922055
Solar PV (Distributed with Storage),Botswana,PJ/y,0.05077296,0.0497575008,0.048762350784,0.04778710376832,0.0468313616929536,0.045894734459094526
