ProcessName,RegionName,Unit,2020,2025,2030,2035,2040,2045
Coal Power Plant,Botswana,PJ/y,23.096159999999998,22.634236799999996,22.181552063999995,21.737921022719995,21.303162602265594,20.87709935022028
Solar PV (Distributed with Storage),Botswana,PJ/y,0.0498456,0.048848687999999994,0.047871714239999995,0.04691427995519999,0.04597599435609599,0.045056474468974074
