ProcessName,RegionName,Unit,2020,2025,2030,2035,2040,2045
Medium Hydropower Plant (10-100MW),Burundi,PJ/y,1.545264,1.51435872,1.4840715456,1.454390114688,1.42530231239424,1.3967962661463553
Solar PV (Distributed with Storage),Burundi,PJ/y,0.14821920000000002,0.145254816,0.14234971968000001,0.1395027252864,0.136712670780672,0.13397841736505856
