ProcessName,RegionName,Unit,2020,2025,2030,2035,2040,2045
Biomass Power Plant,Malawi,PJ/y,0.31536,0.30905279999999996,0.30287174399999994,0.29681430911999995,0.29087802293759996,0.285060462478848
Gas Power Plant (SCGT),Malawi,PJ/y,0.504576,0.49448448,0.4845947904,0.47490289459199997,0.46540483670016,0.45609673996615674
Large Hydropower Plant (Dam) (>100MW),Malawi,PJ/y,7.9470719999999995,7.788130559999999,7.632367948799999,7.479720589823999,7.330126178027519,7.183523654466969
Medium Hydropower Plant (10-100MW),Malawi,PJ/y,2.901312,2.8432857599999997,2.7864200448,2.7306916439039997,2.6760778110259196,2.622556254805401
Solar PV (Distributed with Storage),Malawi,PJ/y,0.6900076799999999,0.6762075263999999,0.6626833758719999,0.6494297083545598,0.6364411141874686,0.6237122919037192
