ProcessName,RegionName,Unit,2020,2025,2030,2035,2040,2045
Light Fuel Oil Power Plant,Chad,PJ/y,1.24504128,1.2201404543999999,1.1957376453119999,1.1718228924057599,1.1483864345576447,1.1254187058664917
Oil Fired Gas Turbine (SCGT),Chad,PJ/y,5.605524,5.49341352,5.3835452496,5.275874344608,5.17035685771584,5.066949720561523
Solar PV (Distributed with Storage),Chad,PJ/y,0.00536112,0.0052538976,0.005148819648,0.00504584325504,0.0049449263899391995,0.004846027862140416
