ProcessName,RegionName,Unit,2020,2025,2030,2035,2040,2045
CSP without Storage,Morocco,PJ/y,21.362399999999997,20.935152,20.516448959999998,20.1061199808,19.703997581183998,19.309917629560317
Coal Power Plant,Morocco,PJ/y,81.1467792,79.523843616,77.93336674368,76.37469940880639,74.84720542063026,73.35026131221765
Gas Power Plant (CCGT),Morocco,PJ/y,51.57936,50.5477728,49.536817344,48.54608099712,47.5751593771776,46.62365618963405
Large Hydropower Plant (Dam) (>100MW),Morocco,PJ/y,37.368719999999996,36.6213456,35.888918688,35.17114031424,34.4677175079552,33.77836315779609
Medium Hydropower Plant (10-100MW),Morocco,PJ/y,14.02488,13.7443824,13.469494752,13.20010485696,12.9361027598208,12.677380704624383
Oil Fired Gas Turbine (SCGT),Morocco,PJ/y,10.46448,10.2551904,10.050086592,9.84908486016,9.652103162956799,9.459061099697662
Onshore Wind,Morocco,PJ/y,39.206196,38.42207208,37.653630638399996,36.900558025631994,36.16254686511935,35.439295927816964
Small Hydropower Plant (<10MW),Morocco,PJ/y,0.24767999999999998,0.24272639999999998,0.23787187199999998,0.23311443455999997,0.22845214586879997,0.22388310295142397
Solar PV (Distributed with Storage),Morocco,PJ/y,0.708984,0.6948043199999999,0.6809082335999999,0.6672900689279998,0.6539442675494398,0.640865382198451
