ProcessName,RegionName,Unit,2020,2025,2030,2035,2040,2045
CSP without Storage,Morocco,PJ/y,21.75984,21.3246432,20.898150336,20.48018732928,20.0705835826944,19.66917191104051
Coal Power Plant,Morocco,PJ/y,82.65648671999999,81.00335698559999,79.38328984588799,77.79562404897023,76.23971156799082,74.714917336631
Gas Power Plant (CCGT),Morocco,PJ/y,52.538976,51.48819648,50.4584325504,49.449263899391994,48.46027862140415,47.49107304897607
Large Hydropower Plant (Dam) (>100MW),Morocco,PJ/y,38.063952,37.30267296,36.556619500800004,35.825487110784,35.108977368568326,34.40679782119696
Medium Hydropower Plant (10-100MW),Morocco,PJ/y,14.285808,14.00009184,13.7200900032,13.445688203136,13.176774439073279,12.913238950291813
Oil Fired Gas Turbine (SCGT),Morocco,PJ/y,10.659168,10.445984639999999,10.237064947199999,10.032323648255998,9.831677175290878,9.63504363178506
Onshore Wind,Morocco,PJ/y,39.935613599999996,39.13690132799999,38.354163301439996,37.5870800354112,36.835338434702976,36.09863166600891
Small Hydropower Plant (<10MW),Morocco,PJ/y,0.252288,0.24724224,0.2422973952,0.23745144729599998,0.23270241835008,0.22804836998307837
Solar PV (Distributed with Storage),Morocco,PJ/y,0.7221743999999999,0.7077309119999998,0.6935762937599999,0.6797047678847998,0.6661106725271039,0.6527884590765618
