ProcessName,RegionName,Unit,2020,2025,2030,2035,2040,2045
Biomass Power Plant,Zimbabwe,PJ/y,3.00312,2.9430576,2.884196448,2.82651251904,2.7699822686592,2.7145826232860157
Coal Power Plant,Zimbabwe,PJ/y,34.5978,33.905844,33.227727120000004,32.56317257760001,31.911909126048005,31.273670943527044
Large Hydropower Plant (Dam) (>100MW),Zimbabwe,PJ/y,21.052799999999998,20.631743999999998,20.21910912,19.8147269376,19.418432398848,19.03006375087104
Light Fuel Oil Power Plant,Zimbabwe,PJ/y,0.30433679999999996,0.298250064,0.29228506272,0.2864393614656,0.280710574236288,0.27509636275156224
Solar PV (Distributed with Storage),Zimbabwe,PJ/y,0.2448936,0.239995728,0.23519581343999998,0.23049189717119997,0.22588205922777596,0.22136441804322043
