ProcessName,RegionName,Unit,2020,2025,2030,2035,2040,2045
Oil Fired Gas Turbine (SCGT),Guinea-Bissau,PJ/y,0.5676479999999999,0.55629504,0.5451691392,0.5342657564159999,0.5235804412876799,0.5131088324619263
Solar PV (Distributed with Storage),Guinea-Bissau,PJ/y,0.03689711999999999,0.03615917759999999,0.035435994047999984,0.03472727416703998,0.03403272868369918,0.03335207411002519
