ProcessName,RegionName,Unit,2020,2025,2030,2035,2040,2045
Biomass Power Plant,Tanzania,PJ/y,2.2075199999999997,2.1633696,2.1201022079999996,2.0777001638399994,2.0361461605631996,1.9954232373519356
Gas Power Plant (CCGT),Tanzania,PJ/y,6.559488,6.42829824,6.2997322752,6.173737629696,6.05026287710208,5.929257619560039
Gas Power Plant (SCGT),Tanzania,PJ/y,6.702976800000001,6.568917264,6.4375389187200005,6.308788140345601,6.182612377538689,6.058960129987915
Large Hydropower Plant (Dam) (>100MW),Tanzania,PJ/y,12.109824,11.86762752,11.630274969599999,11.397669470207997,11.169716080803838,10.94632175918776
Medium Hydropower Plant (10-100MW),Tanzania,PJ/y,5.329584,5.2229923199999995,5.118532473599999,5.016161824127999,4.915838587645439,4.81752181589253
Oil Fired Gas Turbine (SCGT),Tanzania,PJ/y,3.1536,3.090528,3.02871744,2.9681430912,2.908780229376,2.85060462478848
Small Hydropower Plant (<10MW),Tanzania,PJ/y,0.252288,0.24724224,0.2422973952,0.23745144729599998,0.23270241835008,0.22804836998307837
Solar PV (Distributed with Storage),Tanzania,PJ/y,0.79912224,0.7831397952,0.767476999296,0.75212745931008,0.7370849101238783,0.7223432119214007
